raw_label,analysis_label,disposition,rationale,review_status,mapping_version
Age-associated B cells,B cells,primary,"Strong CD37, CD74, CD79A, and MS4A1 expression, concentration in the B-cell Leiden cluster, high classifier confidence, and broad cohort representation support inclusion in the primary broad B-cell compartment. The raw Age-associated B label is preserved only as an exploratory state and prioritized for outcome-blind secondary validation. Its name is not evidence of an age association and must not support subtype-specific inference before independent marker review.",approved,v1
Alveolar macrophages,,unresolved,"Batch-reviewed with ambiguous, tissue-associated, developmental, or non-haematopoietic predictions. The available evidence does not support assignment to a primary PBMC population. The cells remain explicit and unresolved rather than being forced into a lineage.",approved,v1
B cells,B cells,exploratory,"Most cells lie in the B-cell cluster and express broad B-lineage markers, but classifier confidence is low, competing T/NK signals are appreciable, and more than one third of the label is distributed across non-B clusters. Exclusion from primary B-cell inference has negligible impact on sample size and improves specificity.",approved,v1
CD16+ NK cells,NK cells,primary,"Strong FCGR3A, GNLY, KLRD1, NKG7, and cytotoxic expression, concentration in a highly compatible NK cluster, high classifier confidence, and study-wide representation support NK identity and a plausible CD16-positive subtype. The broad NK mapping is retained for robust primary inference because CD16-negative and generic NK assignments have weaker and asymmetric certainty. The raw CD16+ NK label is preserved as a supported subtype and prioritized for outcome-blind secondary validation before primary subtype comparisons.",approved,v1
CD16- NK cells,NK cells,primary,"Strong GNLY, KLRD1, and NKG7 expression, concentration in compatible NK clusters, and broad cohort representation support inclusion in the aggregated NK compartment. Moderate classifier confidence and detectable FCGR3A make the CD16-negative subtype less secure than the broad lineage assignment. The raw subtype must not support standalone primary inference; broad NK results require prespecified nested sensitivities excluding the generic NK label and then retaining only the strongly supported CD16-positive assignment as a restrictive robustness bound.",approved,v1
CD8a/a,CD8 T cells,exploratory,"Batch-reviewed with fine or state labels under accepted primary lineages. The broad parent may be plausible, but the exact label lacks sufficient independent subtype or profile-level support for primary inference. It remains exploratory and excluded from primary analyses while the raw prediction is preserved.",approved,v1
CD8a/b(entry),CD8 T cells,exploratory,"Batch-reviewed with fine or state labels under accepted primary lineages. The broad parent may be plausible, but the exact label lacks sufficient independent subtype or profile-level support for primary inference. It remains exploratory and excluded from primary analyses while the raw prediction is preserved.",approved,v1
CMP,Hematopoietic progenitors,exploratory,"Batch-reviewed with developmental and progenitor predictions. The label is sparse, lacks independently reviewed marker support, or is not a primary mature-PBMC target. It remains exploratory and excluded from primary inference.",approved,v1
CRTAM+ gamma-delta T cells,Gamma-delta T cells,exploratory,"Broad donor, sample, age, and batch representation together with CD3D, CD3E, NKG7, GNLY, and KLRD1 expression support a plausible cytotoxic T-cell identity. However, classifier confidence is low, the cells occupy a cluster dominated by other cytotoxic T, MAIT, and NK labels, and the current evidence package lacks TRDC, TRGC1/TRGC2, gamma/delta variable-region, or paired V(D)J evidence. The label therefore remains exploratory and excluded from primary inference until outcome-blind TCR-specific validation confirms gamma-delta identity.",approved,v1
Classical monocytes,Classical monocytes,primary,"Strong S100A8, S100A9, LST1, and CTSD expression, negligible lymphoid-marker activity, dominant membership in a compatible Leiden cluster, and study-wide representation support the classical-monocyte identity. HLA-II-associated expression is compatible with activation or antigen presentation and does not contradict the lineage assignment. The population passes all method-specific support contracts.",approved,v1
Cycling B cells,B cells,exploratory,"Batch-reviewed with fine or state labels under accepted primary lineages. The broad parent may be plausible, but the exact label lacks sufficient independent subtype or profile-level support for primary inference. It remains exploratory and excluded from primary analyses while the raw prediction is preserved.",approved,v1
Cycling NK cells,NK cells,exploratory,"Batch-reviewed with fine or state labels under accepted primary lineages. The broad parent may be plausible, but the exact label lacks sufficient independent subtype or profile-level support for primary inference. It remains exploratory and excluded from primary analyses while the raw prediction is preserved.",approved,v1
Cycling T cells,T cells,exploratory,"Batch-reviewed with rare accessory or distinct PBMC predictions. Biological plausibility alone does not overcome sparse profiles, low classifier certainty, or absent subtype-specific marker evidence. It remains exploratory and excluded from primary inference.",approved,v1
Cycling monocytes,Classical monocytes,exploratory,"Batch-reviewed with fine or state labels under accepted primary lineages. The broad parent may be plausible, but the exact label lacks sufficient independent subtype or profile-level support for primary inference. It remains exploratory and excluded from primary analyses while the raw prediction is preserved.",approved,v1
DC,Dendritic cells,exploratory,"Batch-reviewed with fine or state labels under accepted primary lineages. The broad parent may be plausible, but the exact label lacks sufficient independent subtype or profile-level support for primary inference. It remains exploratory and excluded from primary analyses while the raw prediction is preserved.",approved,v1
DC precursor,Dendritic cells,exploratory,"Batch-reviewed with fine or state labels under accepted primary lineages. The broad parent may be plausible, but the exact label lacks sufficient independent subtype or profile-level support for primary inference. It remains exploratory and excluded from primary analyses while the raw prediction is preserved.",approved,v1
DC1,Dendritic cells,exploratory,"High classifier confidence, complete HLA-DRA, CD74, and CST3 detection, and near-exclusive concentration in the dendritic/myeloid Leiden cluster support a plausible antigen-presenting dendritic-cell identity. However, only 124 cells are detected across 76 sample units and 66 subjects, one batch contributes one third of the cells, the cluster also contains classical monocytes, and the current evidence lacks CLEC9A, XCR1, BATF3, IRF8, or THBD/CD141 confirmation. The broad Dendritic cells label therefore remains exploratory and excluded from primary inference until outcome-blind cDC1 and monocyte-exclusion validation is completed.",approved,v1
DC2,Dendritic cells,primary,"CD1C, FCER1A, CST3, and HLA-DRA expression, dominant membership in a compatible myeloid cluster, and broad study representation support a conservative dendritic-cell assignment. Monocyte-associated expression, mixing with classical monocytes, and low profile counts limit specificity and inferential scope. Under the current executable contracts this population is primary for composition only; it must not support primary signature, age-prediction, pseudobulk, gene-level, pathway-level, or DC2-versus-DC3 claims.",approved,v1
DC3,Dendritic cells,exploratory,"Batch-reviewed with fine or state labels under accepted primary lineages. The broad parent may be plausible, but the exact label lacks sufficient independent subtype or profile-level support for primary inference. It remains exploratory and excluded from primary analyses while the raw prediction is preserved.",approved,v1
Double-negative thymocytes,,unresolved,"Batch-reviewed with ambiguous, tissue-associated, developmental, or non-haematopoietic predictions. The available evidence does not support assignment to a primary PBMC population. The cells remain explicit and unresolved rather than being forced into a lineage.",approved,v1
Double-positive thymocytes,,unresolved,"Batch-reviewed with ambiguous, tissue-associated, developmental, or non-haematopoietic predictions. The available evidence does not support assignment to a primary PBMC population. The cells remain explicit and unresolved rather than being forced into a lineage.",approved,v1
ELP,Hematopoietic progenitors,exploratory,"Batch-reviewed with developmental and progenitor predictions. The label is sparse, lacks independently reviewed marker support, or is not a primary mature-PBMC target. It remains exploratory and excluded from primary inference.",approved,v1
ETP,Hematopoietic progenitors,exploratory,"Batch-reviewed with developmental and progenitor predictions. The label is sparse, lacks independently reviewed marker support, or is not a primary mature-PBMC target. It remains exploratory and excluded from primary inference.",approved,v1
Early MK,Megakaryocytes,exploratory,"Batch-reviewed with rare accessory or distinct PBMC predictions. Biological plausibility alone does not overcome sparse profiles, low classifier certainty, or absent subtype-specific marker evidence. It remains exploratory and excluded from primary inference.",approved,v1
Early erythroid,Erythroid cells,exploratory,"Batch-reviewed with rare accessory or distinct PBMC predictions. Biological plausibility alone does not overcome sparse profiles, low classifier certainty, or absent subtype-specific marker evidence. It remains exploratory and excluded from primary inference.",approved,v1
Early lymphoid/T lymphoid,Hematopoietic progenitors,exploratory,"Batch-reviewed with developmental and progenitor predictions. The label is sparse, lacks independently reviewed marker support, or is not a primary mature-PBMC target. It remains exploratory and excluded from primary inference.",approved,v1
Endothelial cells,,unresolved,"Batch-reviewed with ambiguous, tissue-associated, developmental, or non-haematopoietic predictions. The available evidence does not support assignment to a primary PBMC population. The cells remain explicit and unresolved rather than being forced into a lineage.",approved,v1
Epithelial cells,,unresolved,"Batch-reviewed with ambiguous, tissue-associated, developmental, or non-haematopoietic predictions. The available evidence does not support assignment to a primary PBMC population. The cells remain explicit and unresolved rather than being forced into a lineage.",approved,v1
Erythrophagocytic macrophages,,unresolved,"Batch-reviewed with ambiguous, tissue-associated, developmental, or non-haematopoietic predictions. The available evidence does not support assignment to a primary PBMC population. The cells remain explicit and unresolved rather than being forced into a lineage.",approved,v1
Fibroblasts,,unresolved,"Batch-reviewed with ambiguous, tissue-associated, developmental, or non-haematopoietic predictions. The available evidence does not support assignment to a primary PBMC population. The cells remain explicit and unresolved rather than being forced into a lineage.",approved,v1
Follicular B cells,B cells,exploratory,"Batch-reviewed with fine or state labels under accepted primary lineages. The broad parent may be plausible, but the exact label lacks sufficient independent subtype or profile-level support for primary inference. It remains exploratory and excluded from primary analyses while the raw prediction is preserved.",approved,v1
Follicular helper T cells,CD4 T cells,exploratory,"Batch-reviewed with fine or state labels under accepted primary lineages. The broad parent may be plausible, but the exact label lacks sufficient independent subtype or profile-level support for primary inference. It remains exploratory and excluded from primary analyses while the raw prediction is preserved.",approved,v1
GMP,Hematopoietic progenitors,exploratory,"Batch-reviewed with developmental and progenitor predictions. The label is sparse, lacks independently reviewed marker support, or is not a primary mature-PBMC target. It remains exploratory and excluded from primary inference.",approved,v1
Germinal center B cells,B cells,exploratory,"Batch-reviewed with fine or state labels under accepted primary lineages. The broad parent may be plausible, but the exact label lacks sufficient independent subtype or profile-level support for primary inference. It remains exploratory and excluded from primary analyses while the raw prediction is preserved.",approved,v1
HSC/MPP,Hematopoietic progenitors,exploratory,"Batch-reviewed with developmental and progenitor predictions. The label is sparse, lacks independently reviewed marker support, or is not a primary mature-PBMC target. It remains exploratory and excluded from primary inference.",approved,v1
ILC,ILC,exploratory,"Batch-reviewed with rare accessory or distinct PBMC predictions. Biological plausibility alone does not overcome sparse profiles, low classifier certainty, or absent subtype-specific marker evidence. It remains exploratory and excluded from primary inference.",approved,v1
ILC3,ILC,exploratory,"Batch-reviewed with rare accessory or distinct PBMC predictions. Biological plausibility alone does not overcome sparse profiles, low classifier certainty, or absent subtype-specific marker evidence. It remains exploratory and excluded from primary inference.",approved,v1
Intermediate macrophages,,unresolved,"Batch-reviewed with ambiguous, tissue-associated, developmental, or non-haematopoietic predictions. The available evidence does not support assignment to a primary PBMC population. The cells remain explicit and unresolved rather than being forced into a lineage.",approved,v1
Intestinal macrophages,,unresolved,"Batch-reviewed with ambiguous, tissue-associated, developmental, or non-haematopoietic predictions. The available evidence does not support assignment to a primary PBMC population. The cells remain explicit and unresolved rather than being forced into a lineage.",approved,v1
Kidney-resident macrophages,,unresolved,"Batch-reviewed with ambiguous, tissue-associated, developmental, or non-haematopoietic predictions. The available evidence does not support assignment to a primary PBMC population. The cells remain explicit and unresolved rather than being forced into a lineage.",approved,v1
Kupffer cells,,unresolved,"Batch-reviewed with ambiguous, tissue-associated, developmental, or non-haematopoietic predictions. The available evidence does not support assignment to a primary PBMC population. The cells remain explicit and unresolved rather than being forced into a lineage.",approved,v1
Large pre-B cells,B-cell progenitors,exploratory,"Batch-reviewed with developmental and progenitor predictions. The label is sparse, lacks independently reviewed marker support, or is not a primary mature-PBMC target. It remains exploratory and excluded from primary inference.",approved,v1
MAIT cells,MAIT cells,primary,"A coherent T-cell, KLRB1, SLC4A10, and cytotoxic expression program, concentration in a compatible Leiden cluster, high classifier confidence, and broad study representation support a transcriptomic MAIT annotation. All method-specific contracts pass, although signature and age-prediction estimates rely on fewer eligible subjects and require appropriately wide uncertainty. The label does not establish MR1 restriction, invariant TCR usage, antigen recognition, or experimentally confirmed MAIT function.",approved,v1
MEMP,Hematopoietic progenitors,exploratory,"Batch-reviewed with developmental and progenitor predictions. The label is sparse, lacks independently reviewed marker support, or is not a primary mature-PBMC target. It remains exploratory and excluded from primary inference.",approved,v1
Macrophages,,unresolved,"Batch-reviewed with ambiguous, tissue-associated, developmental, or non-haematopoietic predictions. The available evidence does not support assignment to a primary PBMC population. The cells remain explicit and unresolved rather than being forced into a lineage.",approved,v1
Mast cells,Mast cells,exploratory,"Batch-reviewed with rare accessory or distinct PBMC predictions. Biological plausibility alone does not overcome sparse profiles, low classifier certainty, or absent subtype-specific marker evidence. It remains exploratory and excluded from primary inference.",approved,v1
Megakaryocyte precursor,Megakaryocytes,exploratory,"Batch-reviewed with rare accessory or distinct PBMC predictions. Biological plausibility alone does not overcome sparse profiles, low classifier certainty, or absent subtype-specific marker evidence. It remains exploratory and excluded from primary inference.",approved,v1
Megakaryocyte-erythroid-mast cell progenitor,Hematopoietic progenitors,exploratory,"Batch-reviewed with developmental and progenitor predictions. The label is sparse, lacks independently reviewed marker support, or is not a primary mature-PBMC target. It remains exploratory and excluded from primary inference.",approved,v1
Memory B cells,B cells,primary,"Broad B-cell identity is supported by coherent B-lineage markers, concentration in a B-cell Leiden cluster, and study-wide representation. The raw memory label is heterogeneous and is not independently eligible for every downstream method, but the aggregated B-cell population satisfies the method-specific contracts.",approved,v1
Memory CD4+ cytotoxic T cells,CD4 T cells,exploratory,"Batch-reviewed with fine or state labels under accepted primary lineages. The broad parent may be plausible, but the exact label lacks sufficient independent subtype or profile-level support for primary inference. It remains exploratory and excluded from primary analyses while the raw prediction is preserved.",approved,v1
Mid erythroid,Erythroid cells,exploratory,"Batch-reviewed with rare accessory or distinct PBMC predictions. Biological plausibility alone does not overcome sparse profiles, low classifier certainty, or absent subtype-specific marker evidence. It remains exploratory and excluded from primary inference.",approved,v1
Migratory DCs,Dendritic cells,exploratory,"Batch-reviewed with fine or state labels under accepted primary lineages. The broad parent may be plausible, but the exact label lacks sufficient independent subtype or profile-level support for primary inference. It remains exploratory and excluded from primary analyses while the raw prediction is preserved.",approved,v1
Mono-mac,,unresolved,"Batch-reviewed with ambiguous, tissue-associated, developmental, or non-haematopoietic predictions. The available evidence does not support assignment to a primary PBMC population. The cells remain explicit and unresolved rather than being forced into a lineage.",approved,v1
Monocyte precursor,Hematopoietic progenitors,exploratory,"Batch-reviewed with developmental and progenitor predictions. The label is sparse, lacks independently reviewed marker support, or is not a primary mature-PBMC target. It remains exploratory and excluded from primary inference.",approved,v1
Monocytes,,unresolved,"Batch-reviewed with ambiguous, tissue-associated, developmental, or non-haematopoietic predictions. The available evidence does not support assignment to a primary PBMC population. The cells remain explicit and unresolved rather than being forced into a lineage.",approved,v1
Myelocytes,Hematopoietic progenitors,exploratory,"Batch-reviewed with developmental and progenitor predictions. The label is sparse, lacks independently reviewed marker support, or is not a primary mature-PBMC target. It remains exploratory and excluded from primary inference.",approved,v1
NK cells,NK cells,primary,"Strong GNLY, KLRD1, and NKG7 expression and broad study representation support contribution to the aggregated NK compartment, but low classifier confidence, substantial T-lineage expression, and dispersion across cytotoxic clusters make the raw generic label unsuitable as a standalone population. It is included in broad primary NK analyses only with a prespecified sensitivity that excludes this raw label. Material changes in effect direction, magnitude, uncertainty, or eligibility must be reported and the restricted result prioritized or explicitly qualified before biological interpretation.",approved,v1
NKT cells,NKT-like cytotoxic T cells,exploratory,"Broad donor, sample, age, and batch representation together with CD3D, CD3E, NKG7, GNLY, and KLRD1 expression support an NKT-like cytotoxic T-cell phenotype. However, classifier confidence is very low, the cells do not form a distinct cluster, the available evidence lacks invariant TCR or CD1d-reactivity support, and the frequent CD74 signal is discordant with a conventional NKT profile. The label is therefore changed to NKT-like cytotoxic T cells, retained as exploratory, and excluded from primary CD8 T-cell and NKT inference pending outcome-blind TCR/V(D)J or orthogonal validation.",approved,v1
Naive B cells,B cells,primary,"Broad B-cell identity is supported by coherent B-lineage markers, concentration in a B-cell Leiden cluster, and broad subject, sample, and batch representation. The evidence does not independently validate the naive subtype.",approved,v1
Neutrophil-myeloid progenitor,Hematopoietic progenitors,exploratory,"Batch-reviewed with developmental and progenitor predictions. The label is sparse, lacks independently reviewed marker support, or is not a primary mature-PBMC target. It remains exploratory and excluded from primary inference.",approved,v1
Non-classical monocytes,Non-classical monocytes,primary,"Strong FCGR3A, LILRB1, LST1, and MS4A7 expression, negligible lymphoid-marker activity, high classifier confidence, and study-wide representation support a non-classical-monocyte assignment. Markedly higher FCGR3A and lower S100A8/S100A9 expression than classical monocytes provide convergent subtype evidence despite shared Leiden-cluster membership. The label denotes a supported state within a monocyte continuum rather than a perfectly discrete lineage.",approved,v1
Plasma cells,Antibody-secreting cells,exploratory,"High classifier confidence, strong JCHAIN and CD79A expression, and near-exclusive concentration in Leiden cluster 7 support an antibody-secreting B-lineage population. The 151 cells are nevertheless detected in only 90 sample units and 74 subjects, more than one third originate from one batch, and the current panel does not resolve circulating plasmablasts from terminal plasma cells. The label is therefore changed to Antibody-secreting cells, retained as exploratory, and excluded from primary composition, signature, pseudobulk, and prediction inference pending outcome-blind lineage-state and technical-stability validation.",approved,v1
Plasmablasts,Plasma cells,exploratory,"Batch-reviewed with rare accessory or distinct PBMC predictions. Biological plausibility alone does not overcome sparse profiles, low classifier certainty, or absent subtype-specific marker evidence. It remains exploratory and excluded from primary inference.",approved,v1
Pre-pro-B cells,B-cell progenitors,exploratory,"Batch-reviewed with developmental and progenitor predictions. The label is sparse, lacks independently reviewed marker support, or is not a primary mature-PBMC target. It remains exploratory and excluded from primary inference.",approved,v1
Pro-B cells,B-cell progenitors,exploratory,"Batch-reviewed with developmental and progenitor predictions. The label is sparse, lacks independently reviewed marker support, or is not a primary mature-PBMC target. It remains exploratory and excluded from primary inference.",approved,v1
Proliferative germinal center B cells,B cells,exploratory,"Batch-reviewed with fine or state labels under accepted primary lineages. The broad parent may be plausible, but the exact label lacks sufficient independent subtype or profile-level support for primary inference. It remains exploratory and excluded from primary analyses while the raw prediction is preserved.",approved,v1
Promyelocytes,Hematopoietic progenitors,exploratory,"Batch-reviewed with developmental and progenitor predictions. The label is sparse, lacks independently reviewed marker support, or is not a primary mature-PBMC target. It remains exploratory and excluded from primary inference.",approved,v1
Regulatory T cells,Regulatory T cells,primary,"Strong T-cell identity, markedly enriched CTLA4, reduced IL7R relative to conventional CD4 populations, high classifier confidence, and broad cohort representation support a transcriptomic regulatory T-cell annotation. Primary use is limited to composition and pseudobulk, with signature estimates reported cautiously because few subjects satisfy the profile threshold; age prediction is not eligible. The label does not establish suppressive function or a specific Treg developmental subtype and is prioritized for outcome-blind secondary marker validation.",approved,v1
Small pre-B cells,B-cell progenitors,exploratory,"Batch-reviewed with developmental and progenitor predictions. The label is sparse, lacks independently reviewed marker support, or is not a primary mature-PBMC target. It remains exploratory and excluded from primary inference.",approved,v1
T(agonist),,unresolved,"Batch-reviewed with ambiguous, tissue-associated, developmental, or non-haematopoietic predictions. The available evidence does not support assignment to a primary PBMC population. The cells remain explicit and unresolved rather than being forced into a lineage.",approved,v1
Tcm/Naive cytotoxic T cells,CD8 T cells,primary,"Strong CD3, CD8A, and CD8B expression supports CD8 T-cell identity, while IL7R/LTB expression and limited cytotoxic-marker activity are compatible with naive or central-memory states. Cluster, subject, sample, and batch support are coherent. Naive and central-memory states are not considered independently validated.",approved,v1
Tcm/Naive helper T cells,CD4 T cells,primary,"T-cell and helper-associated markers are coherent, competing CD8, NK, B-cell, and myeloid signals are limited, and the population is broadly represented across subjects, samples, and batches. Its distribution across several related helper T-cell clusters is expected for a large compartment. Naive and central-memory states are not considered independently validated.",approved,v1
Tem/Effector helper T cells,CD4 T cells,primary,"Helper T-cell markers and cluster membership are coherent, the population is represented throughout the study, and all method-specific design contracts pass. Limited cytotoxic-marker expression and minor spillover into a cytotoxic cluster do not contradict the broad CD4 assignment. The Tem/effector subtype is not considered independently validated.",approved,v1
Tem/Effector helper T cells PD1+,CD4 T cells,exploratory,"Batch-reviewed with fine or state labels under accepted primary lineages. The broad parent may be plausible, but the exact label lacks sufficient independent subtype or profile-level support for primary inference. It remains exploratory and excluded from primary analyses while the raw prediction is preserved.",approved,v1
Tem/Temra cytotoxic T cells,CD8 T cells,primary,"Strong CD3 and CD8 expression supports T-cell identity, while the cytotoxic program and dominant-cluster membership are coherent with effector CD8 states. Limited spillover into the NK-dominated cluster does not justify excluding the population. Tem and TEMRA states, and the boundary with NK-like T cells, are not considered independently validated.",approved,v1
Tem/Trm cytotoxic T cells,CD8 T cells,primary,"Strong T-cell and CD8-lineage expression, a cytotoxic-memory program, dominant membership in a compatible cluster, and broad study representation support the broad CD8 assignment. Partial spillover into a helper-dominated cluster and lower-confidence cells warrant caution but do not justify exclusion. Tem and Trm states are not considered independently validated, and tissue residency cannot be inferred from circulating PBMC transcriptomes alone.",approved,v1
Transitional B cells,B cells,exploratory,"Batch-reviewed with fine or state labels under accepted primary lineages. The broad parent may be plausible, but the exact label lacks sufficient independent subtype or profile-level support for primary inference. It remains exploratory and excluded from primary analyses while the raw prediction is preserved.",approved,v1
Transitional NK,NK cells,exploratory,"Batch-reviewed with fine or state labels under accepted primary lineages. The broad parent may be plausible, but the exact label lacks sufficient independent subtype or profile-level support for primary inference. It remains exploratory and excluded from primary analyses while the raw prediction is preserved.",approved,v1
Treg(diff),Regulatory T cells,exploratory,"Batch-reviewed with fine or state labels under accepted primary lineages. The broad parent may be plausible, but the exact label lacks sufficient independent subtype or profile-level support for primary inference. It remains exploratory and excluded from primary analyses while the raw prediction is preserved.",approved,v1
Trm cytotoxic T cells,CD8 T cells,exploratory,"Batch-reviewed with fine or state labels under accepted primary lineages. The broad parent may be plausible, but the exact label lacks sufficient independent subtype or profile-level support for primary inference. It remains exploratory and excluded from primary analyses while the raw prediction is preserved.",approved,v1
Type 1 helper T cells,CD4 T cells,exploratory,"Batch-reviewed with fine or state labels under accepted primary lineages. The broad parent may be plausible, but the exact label lacks sufficient independent subtype or profile-level support for primary inference. It remains exploratory and excluded from primary analyses while the raw prediction is preserved.",approved,v1
Type 17 helper T cells,CD4 T cells,exploratory,"Batch-reviewed with fine or state labels under accepted primary lineages. The broad parent may be plausible, but the exact label lacks sufficient independent subtype or profile-level support for primary inference. It remains exploratory and excluded from primary analyses while the raw prediction is preserved.",approved,v1
gamma-delta T cells,Gamma-delta T cells,exploratory,"Batch-reviewed with rare accessory or distinct PBMC predictions. Biological plausibility alone does not overcome sparse profiles, low classifier certainty, or absent subtype-specific marker evidence. It remains exploratory and excluded from primary inference.",approved,v1
pDC,pDC,primary,"Strong GZMB, IL3RA, JCHAIN, and TCF4 expression, near-exclusive membership in a pDC-dominated Leiden cluster, high classifier confidence, and broad cohort representation support the pDC identity. Under the current executable contracts this population is primary for composition only. It must not support primary signature, age-prediction, pseudobulk, gene-level, pathway-level, interferon-activity, or functional pDC claims.",approved,v1
